result_0,idxs_0,citations_0,class_0,result_1,idxs_1,citations_1,class_1,result_2,idxs_2,citations_2,class_2,id,enhanced,top_reason,top_order
Tamoxifen (for breast cancer) reduced the risk of AD by 21%,"[0, 4, 7]","['reduced risk of lung (30% and 36%), bladder (32% and 34%), breast (26% and 20%), and colorectal (31% and 28%) cancer. Tamoxifen (for breast cancer) and chemotherapy (for allâ\x80\x90cause cancer) reduced the risk of AD by 21% and 18%, respectively. However,', 'dementia risk to some extent. The pooled estimates indicated that tamoxifen (for breast cancer) and chemotherapy (for ACC) reduced the risk of AD by 21% and 18%, respectively. Tamoxifen acts as an estrogen receptor modulator (Figure S23 in supporting', 'This comprehensive metaâ\x80\x90analysis of cohort studies indicated a negative bidirectional link between cancer and dementia, with cancer treatment modifying dementia risk to some extent. The pooled estimates indicated that tamoxifen (for breast cancer) and']","{""fieldresult"":[{""name"":""Tamoxifen effectiveness"",""value"":""Tamoxifen (for breast cancer) reduced the risk of AD by 21%"",""source_id"":[0,4,7]}]}",observational cohort studies,[5],"['The key strength of our metaâ\x80\x90analysis is that it only included observational cohort studies. Such a study design allows us to define the temporal sequence between cancer and dementia and to identify causal relationships. Moreover, our metaâ\x80\x90analysis']","{""fieldresult"":[{""name"":""Type of study"",""value"":""observational cohort studies"",""source_id"":[5]}]}",NP,[],[],"{""fieldresult"":[{""name"":""Num participants"",""value"":""NP"",""source_id"":[]}]}",39807644,"{""enhanced_ver"":""Tamoxifen (for breast cancer) reduced the risk of AD by 21% (observational cohort studies)."",""evaluations"":[""NO"",""NO"",""YES"",""NO"",""2""],""rationale"":[""The sentence does not comment on how the effectiveness was not described in the text."",""The sentence is about the effectiveness of Tamoxifen on AD, not specifically on Colorectal cancer."",""The sentence is specific enough for experts, mentioning the study type."",""The sentence does not offer actionable insights for practicing oncologists regarding Colorectal cancer."",""The study type is observational cohort studies, which is level 2.""]}",,999
Tamoxifen induced signs of dying in mice and caused intestinal inflammation and adenoma formation.,"[0, 1, 2]","['received 1 mg of tamoxifen every 5 d, they began to show signs of dying after the 7th injection, and all mice died within 15 tamoxifen injections. Approximately 71.4% of the mice developed adenomas in different regions, including the duodenum, jejunum,', 'a normal phenotype at birth, but after the induction with tamoxifen, they exhibited a dying state. Intestinal HE staining showed significant inflammatory cell infiltration, and atypical hyperplasia and adenoma were also observed. Intestinal', '1 mg of tamoxifen every day, they began dying after the 5th injection, and severe inflammation was observed in the intestine (data not shown). When the mice received 1 mg of tamoxifen every 5 d, they began to show signs of dying after the 7th injection,']","{""fieldresult"":[{""name"":""Tamoxifen effectiveness"",""value"":""Tamoxifen induced signs of dying in mice and caused intestinal inflammation and adenoma formation."",""source_id"":[0,1,2]}]}",in vivo,[1],"['The most effective way to study inhibitors in vivo is to knock out the gene in an animal and observe its overall phenotype. In recent years, the Cre/LoxP recombinase system has been widely used in novel gene targeting. LoxP was inserted at both ends of']","{""fieldresult"":[{""name"":""Type of study"",""value"":""in vivo"",""source_id"":[1]}]}",NP,[],[],"{""fieldresult"":[{""name"":""Num participants"",""value"":""NP"",""source_id"":[]}]}",30774273,"{""enhanced_ver"":""Tamoxifen induced signs of dying in mice and caused intestinal inflammation and adenoma formation (in vivo)."",""evaluations"":[""NO"",""YES"",""YES"",""YES"",""3""],""rationale"":[""The sentence does not comment on the lack of effectiveness description; it directly describes the observed effects."",""The sentence is about the effectiveness of Tamoxifen on Colorectal cancer in a preclinical model."",""The sentence is specific enough for experts, describing the observed effects in mice."",""The sentence offers actionable insights for oncologists by highlighting preclinical toxicity and tumorigenic effects of Tamoxifen."",""The study type is in vivo, which is assigned a priority level of 3.""]}",,999
Tamoxifen was used to inhibit autophagy in CK19-positive epithelial cells to examine anti-cancer mechanisms.,[0],"['sodium sulfate and then injected with tamoxifen to inhibit autophagy in CK19-positive epithelial cells. To examine the anti-cancer mechanisms of autophagic inhibition, we used colon cancer cell lines harboring different p53 gene statuses, as well as small']","{""fieldresult"":[{""name"":""Tamoxifen effectiveness"",""value"":""Tamoxifen was used to inhibit autophagy in CK19-positive epithelial cells to examine anti-cancer mechanisms."",""source_id"":[0]}]}",in vivo and in vitro,"[0, 3, 7]","['In this study, using Atg5flox/flox/K19CreERT mice and the AOM/DSS procedure, we examined whether autophagic inhibition is effective in colon cancer treatment and showed that suppression of autophagy exerts anti-colon cancer effects in vivo. Our results,', 'by genetic inhibition of autophagy and CQ treatment, we showed that suppression of autophagy has an anti-colorectal cancer effect via apoptosis induced by p53 activation and ER stress in vivo and in vitro.', 'inhibition had a suppressive effect on tumor size but not on tumor number. Therefore, we believe that TAM-induced autophagic inhibition is a suitable model for examining colon cancer progression in a setting in which the influence on cancer initiation has']","{""fieldresult"":[{""name"":""Type of study"",""value"":""in vivo and in vitro"",""source_id"":[0,3,7]}]}",NP,[],[],"{""fieldresult"":[{""name"":""Num participants"",""value"":""NP"",""source_id"":[]}]}",26496833,"{""enhanced_ver"":""Tamoxifen was used to inhibit autophagy in CK19-positive epithelial cells to examine anti-cancer mechanisms (in vivo and in vitro)."",""evaluations"":[""NO"",""YES"",""YES"",""YES"",""3""],""rationale"":[""The sentence does not comment on the lack of effectiveness description; it describes the use of tamoxifen in examining anti-cancer mechanisms."",""The sentence is about the effectiveness of tamoxifen on colorectal cancer through autophagy inhibition."",""The sentence is specific enough for experts, mentioning the study type and the mechanism of action."",""The sentence offers actionable insights for oncologists by highlighting the potential of tamoxifen in autophagy inhibition for colorectal cancer, even though it is preclinical."",""The study type is in vivo and in vitro, which corresponds to priority level 3.""]}",,999
"Tamoxifen-laced food was used to activate Cre-Lox recombinase, inducing adenoma development in mice.",[0],"['ofÂ\xa0adenoma and survival were measured. In the therapeutic cohort, Apc580S C57BL/6 mice were given tamoxifen-laced food to activate Cre-Lox recombinase mediated silencing of one Apc allele and thus inducing adenoma development. Following adenoma']","{""fieldresult"":[{""name"":""Tamoxifen effectiveness"",""value"":""Tamoxifen-laced food was used to activate Cre-Lox recombinase, inducing adenoma development in mice."",""source_id"":[0]}]}",in vivo,[5],['Six- to eight-week-old Apcmin/+ (Familial Adenomatous Polyposis model) and Apc580S (sporadic model) C57BL/6 mice were used. The Apcmin/+ mice are carried a germline mutation of one Apc allele whereas the Apc580S model has an inducible silencing of one Apc'],"{""fieldresult"":[{""name"":""Type of study"",""value"":""in vivo"",""source_id"":[5]}]}",NP,[],[],"{""fieldresult"":[{""name"":""Num participants"",""value"":""NP"",""source_id"":[]}]}",30623377,"{""enhanced_ver"":""Tamoxifen-laced food was used to activate Cre-Lox recombinase, inducing adenoma development in mice (in vivo)."",""evaluations"":[""NO"",""YES"",""YES"",""YES"",""3""],""rationale"":[""The sentence does not comment on the lack of effectiveness description; it describes the method used."",""The sentence is about the effectiveness of tamoxifen in inducing adenoma development in a mouse model of colorectal cancer."",""The sentence is specific enough for experts, describing the method and study type."",""The sentence provides actionable insight for oncologists regarding preclinical models of colorectal cancer."",""The study type is in vivo, which is assigned a priority level of 3.""]}",,999
"Tamoxifen induces tumor formation in the KPC: APC model, mimicking KRAS mutated colorectal cancer.","[0, 1, 4]","['Profound inflammation of the cecum, ascending and transverse colon was observed upon tamoxifen induction in the KPC: APC experimental model (Figure 2C). Multiple small tumors were visible throughout the entire inflamed region of the colon (Figure 2D,E)', 'developed a viable animal model of KRAS mutated colorectal cancer with tamoxifen inducible tumors harboring KRAS and APC mutations. The animal model tumors mimic the human disease type both genetically, immunohistochemically, and molecularly. This model', 'Histone deacetylase 3 (HDAC3) is prominently over-expressed in colorectal cancer both in vitro and in vivo.. Our model animals similarly exhibit significantly higher (p < 0.05) expression of HDAC3 (Figure 6A,B) when induced with tamoxifen.']","{""fieldresult"":[{""name"":""Tamoxifen effectiveness"",""value"":""Tamoxifen induces tumor formation in the KPC: APC model, mimicking KRAS mutated colorectal cancer."",""source_id"":[0,1,4]}]}",in vivo,[0],"['Histone deacetylase 3 (HDAC3) is prominently over-expressed in colorectal cancer both in vitro and in vivo.. Our model animals similarly exhibit significantly higher (p < 0.05) expression of HDAC3 (Figure 6A,B) when induced with tamoxifen.']","{""fieldresult"":[{""name"":""Type of study"",""value"":""in vivo"",""source_id"":[0]}]}",NP,[],[],"{""fieldresult"":[{""name"":""Num participants"",""value"":""NP"",""source_id"":[]}]}",31766149,"{""enhanced_ver"":""Tamoxifen induces tumor formation in the KPC: APC model, mimicking KRAS mutated colorectal cancer (in vivo)."",""evaluations"":[""NO"",""YES"",""YES"",""YES"",""3""],""rationale"":[""The sentence does not comment on the lack of effectiveness description; it describes the observed outcome."",""The sentence is specifically about the effectiveness of Tamoxifen on colorectal cancer."",""The sentence is specific enough for experts, mentioning the study type and the model used."",""The sentence provides actionable insights for oncologists by highlighting a preclinical model of KRAS mutated colorectal cancer."",""The study type is in vivo, which corresponds to priority level 3.""]}","{""id"":5,""decision"":""YES"",""reasoning"":""Result 5 is an in vivo study showing that Tamoxifen induces tumor formation in a KRAS-mutated CRC model. This is relevant for understanding the potential oncogenic effects of Tamoxifen in CRC.""}",2
PTPH1-associated breast cancers exhibit enhanced sensitivity to tamoxifen,[0],"['colorectal cancers. Previous studies have documented that PTPH1-associated breast cancers exhibit enhanced sensitivity to tamoxifen and tyrosine kinase inhibitors through dephosphorylation of ER and epidermal growth factor receptor, respectively. Owing to']","{""fieldresult"":[{""name"":""Tamoxifen effectiveness"",""value"":""PTPH1-associated breast cancers exhibit enhanced sensitivity to tamoxifen"",""source_id"":[0]}]}",retrospective study,[1],['PTPH1 immunohistochemical expression and promoter methylation in breast cancer patients from India: A retrospective study.'],"{""fieldresult"":[{""name"":""Type of study"",""value"":""retrospective study"",""source_id"":[1]}]}",NP,[],[],"{""fieldresult"":[{""name"":""Num participants"",""value"":""NP"",""source_id"":[]}]}",30189107,"{""enhanced_ver"":""PTPH1-associated breast cancers exhibit enhanced sensitivity to tamoxifen (retrospective study)."",""evaluations"":[""NO"",""NO"",""YES"",""YES"",""2""],""rationale"":[""The sentence does not comment on the lack of effectiveness description; it directly states the observed sensitivity."",""The sentence is about breast cancer, not colorectal cancer, which is outside the scope of the field."",""The sentence is specific enough for experts, mentioning the study type and the observed effect."",""The sentence provides actionable insight about PTPH1-associated breast cancers and their sensitivity to tamoxifen, which may be relevant for oncologists."",""The study type is a retrospective study, which is classified as level 2.""]}",,999
Tamoxifen treatment induced colorectal adenoma development in mice.,[1],['All ApcW/FCdx2ERT2-Cre/Aldh1b1+/+ and ApcW/FCdx2ERT2-Cre/Aldh1b1â\x88\x92/â\x88\x92 mice treated with tamoxifen developed colorectal adenoma. The ApcW/FCdx2ERT2-Cre/Aldh1b1â\x88\x92/â\x88\x92 mice showed a significant decrease in the total volume of all ileal and colonic'],"{""fieldresult"":[{""name"":""Tamoxifen effectiveness"",""value"":""Tamoxifen treatment induced colorectal adenoma development in mice."",""source_id"":[1]}]}",in vivo,[0],"['tumorigenesis. Recently, we demonstrated that aldehyde dehydrogenase 1B1 (ALDH1B1) knockdown dramatically reduced colon tumor growth in a mouse xenograft model. The purpose of the present preliminary study is to examine the effect of loss of ALDH1B1 in']","{""fieldresult"":[{""name"":""Type of study"",""value"":""in vivo"",""source_id"":[0]}]}",Thirteen 6 mo-old male mice were examined in this study.,[2],"['A total of thirteen 6 mo-old, male mice were examined in this study. For adenoma induction, mice were treated with tamoxifen or an equivalent volume of tamoxifen vehicle (corn oil) as shown in Fig. 1. Specifically, tamoxifen (TAM, 50 mg/kg body weight;']","{""fieldresult"":[{""name"":""Num participants"",""value"":""Thirteen 6 mo-old male mice were examined in this study."",""source_id"":[2]}]}",33007288,"{""enhanced_ver"":""Tamoxifen treatment induced colorectal adenoma development in mice (in vivo; 13 patients)."",""evaluations"":[""NO"",""YES"",""YES"",""YES"",""3""],""rationale"":[""The sentence does not comment on how the effectiveness was not described; it directly reports the observed outcome."",""The sentence is specifically about the effectiveness of tamoxifen on colorectal cancer."",""The sentence is specific enough for experts, mentioning the study type and number of participants."",""The sentence provides actionable insights for practicing oncologists, even though it is preclinical."",""The study type is in vivo, which is assigned a priority level of 3.""]}",,999
"Tamoxifen resistance is observed in ERÎ±-positive breast cancer, and the combination of fulvestrant and alisertib may overcome this resistance.","[0, 5]","['at Ser167/Ser305, and interacted/colocalized with ERÎ±, leading to tamoxifen resistance and disease relapse in ERÎ±-positive breast cancer. Meanwhile, the inhibition of Aurora-A sensitized tamoxifen-resistant cells and overcame the resistance of', 'Similarly, the combination of fulvestrant and alisertib has robust inhibitory activity against tamoxifen-resistant MCF7 cells.']","{""fieldresult"":[{""name"":""Tamoxifen effectiveness"",""value"":""Tamoxifen resistance is observed in ERÎ±-positive breast cancer, and the combination of fulvestrant and alisertib may overcome this resistance."",""source_id"":[0,5]}]}",clinical trial,"[2, 3, 5]","['for 28-day cycles treatment showed 97.2% of tumor growth inhibition. A phase I clinical trial explored the safety and anticancer activity in patients with locally advanced or metastatic solid tumors. The maximum tolerated dose of LY3295668 is 25Â\xa0mg twice', 'mitosis arrest and apoptosis in a dose-dependent manner. LY3295668 inhibited tumor growth in SCLC xenograft models, and 50Â\xa0mg/kg of LY3295668 in twice-daily for 28-day cycles treatment showed 97.2% of tumor growth inhibition. A phase I clinical trial', 'a phase I study with an intermittent schedule of 200Â\xa0mg TAS-119 twice daily, targeted regulation was demonstrated, but the antitumor effects were not as expected. Although the observed ocular toxicity, the overall safety of TAS-119 appears to be']","{""fieldresult"":[{""name"":""Type of study"",""value"":""clinical trial"",""source_id"":[2,3,5]}]}",NP,[],[],"{""fieldresult"":[{""name"":""Num participants"",""value"":""NP"",""source_id"":[]}]}",37521867,"{""enhanced_ver"":""Tamoxifen resistance is observed in ERÎ±-positive breast cancer, and the combination of fulvestrant and alisertib may overcome this resistance (clinical trial)."",""evaluations"":[""NO"",""NO"",""YES"",""YES"",""1""],""rationale"":[""The sentence does not comment on the lack of effectiveness; it describes resistance and a potential solution."",""The sentence is about tamoxifen resistance in breast cancer, not colorectal cancer."",""The sentence is specific enough for experts, mentioning the mechanism and a potential treatment combination."",""The sentence offers actionable insights for oncologists regarding overcoming tamoxifen resistance in breast cancer."",""The study type is a clinical trial, which is level 1 priority.""]}",,999
Tamoxifen induced atypical hyperplasia and adenoma in the intestine of ICKO mice.,"[0, 2, 4]","['increased (as shown by the arrowhead in Figure 5 and 6). After adjusting the dose of Tamoxifen, we could induce atypical hyperplasia and adenoma in the intestine of the ICKO mice (as shown by the arrowhead in figure 7). In the vehicle control group, the', 'the dose of Tamoxifen to a dose of 100Î¼l in sunflower oil at 10 mg/ml per mouse (aged more than 8 weeks old) every four days. And we could induce atypical hyperplasia and adenoma in the intestine (as shown in Figure 7). Moreover, the overall length of', 'models mainly occurred in the colon. Moreover, we had induced atypical hyperplasia and adenoma successfully in the small intestine and large intestine of ICKO mice after changing the dose of Tamoxifen. We induced the deletion of Cldn7 at a dose of 200 Î¼l']","{""fieldresult"":[{""name"":""Tamoxifen effectiveness"",""value"":""Tamoxifen induced atypical hyperplasia and adenoma in the intestine of ICKO mice."",""source_id"":[0,2,4]}]}",in vivo,[0],"['In our study, we generated a mouse model in which the Cldn7 gene was controllable. We could delete the Cldn7 gene in the intestine by injecting tamoxifen. The study demonstrated that the mice induced by tamoxifen had a severe intestinal inflammatory']","{""fieldresult"":[{""name"":""Type of study"",""value"":""in vivo"",""source_id"":[0]}]}",NP,[],[],"{""fieldresult"":[{""name"":""Num participants"",""value"":""NP"",""source_id"":[]}]}",29488037,"{""enhanced_ver"":""Tamoxifen induced atypical hyperplasia and adenoma in the intestine of ICKO mice (in vivo)."",""evaluations"":[""NO"",""YES"",""YES"",""YES"",""3""],""rationale"":[""The sentence does not comment on how the effectiveness was not described; it directly reports the observed outcome."",""The sentence is about the effectiveness of Tamoxifen on Colorectal cancer, as it describes preclinical effects in a mouse model relevant to the disease."",""The sentence is specific enough for experts, mentioning the observed effect and study type."",""The sentence offers actionable insights for practicing oncologists by highlighting preclinical evidence of Tamoxifen's potential to induce intestinal lesions, which may inform further research or caution in its use."",""The study type is in vivo, which is assigned a priority level of 3.""]}",,999
"Tamoxifen treatment was used to activate Myb in CRC models, leading to accelerated tumorigenesis and larger tumors when combined with AOM.","[1, 5, 6]","['Subsequent exposure of tamoxifen-treated mice to AOM markedly accelerated colon tumorigenesis in MybER mice on either WT or Apcmin/+ backgrounds (Figure 3f) and led to more frequent, as well as larger tumors, on an Apcmin/+ background (Figure 3g). As Myb', '(Pereira et al., in press) prior to detectable mutated Myb regulatory sequences we decided to activate Myb in the initiation phase of CRC. MybER mice were treated with tamoxifen over a period of 8 weeks, six of which also employed weekly colon carcinogen', 'treated with tamoxifen over a period of 8 weeks, six of which also employed weekly colon carcinogen azoxymethane (AOM) injections (Figure 3d). Hence, MybER was activated for 2 weeks prior to AOM-treatment to allow the expansion of the ISC pool. To']","{""fieldresult"":[{""name"":""Tamoxifen effectiveness"",""value"":""Tamoxifen treatment was used to activate Myb in CRC models, leading to accelerated tumorigenesis and larger tumors when combined with AOM."",""source_id"":[1,5,6]}]}",in vitro and in vivo,"[0, 1, 2]","['To understand the cell intrinsic effect of MybER-activation in primary colon cells, IPC were studied in vitro using the organoid assay (Figure 1f). MybER-activation led to an increase in organoids formed per plated crypt nest and greater growth as', 'Activated Myb in vivo reproduces human CRC clinical symptoms', 'In vitro activation of MybER increases IPC function']","{""fieldresult"":[{""name"":""Type of study"",""value"":""in vitro and in vivo"",""source_id"":[0,1,2]}]}",NP,[],[],"{""fieldresult"":[{""name"":""Num participants"",""value"":""NP"",""source_id"":[]}]}",26300002,"{""enhanced_ver"":""Tamoxifen treatment was used to activate Myb in CRC models, leading to accelerated tumorigenesis and larger tumors when combined with AOM (in vitro and in vivo)."",""evaluations"":[""NO"",""YES"",""YES"",""YES"",""3""],""rationale"":[""The sentence does not comment on the lack of effectiveness; it describes observed outcomes."",""The sentence is specifically about the effectiveness of Tamoxifen on Colorectal Cancer."",""The sentence is specific enough for experts, including study type and observed outcomes."",""The sentence provides actionable insights for oncologists regarding preclinical CRC models."",""The study type is in vitro and in vivo, which corresponds to priority level 3.""]}",,999
Tamoxifen may be beneficial in peritoneal malignancies such as mCRC.,[0],"['negative tumors experienced long progression free intervals with tamoxifen treatment. The finding that normal PMCs express ER-Î± and respond to tamoxifen suggests that tamoxifen may be beneficial in other peritoneal malignancies, such as mCRC, gastric']","{""fieldresult"":[{""name"":""Tamoxifen effectiveness"",""value"":""Tamoxifen may be beneficial in peritoneal malignancies such as mCRC."",""source_id"":[0]}]}",in vivo,"[0, 1, 4]","['free survival in a murine in vivo breast cancer study. Improved differentiation, expression of the normal epithelial marker MUC1 and profound cell cycle arrest in breast cancer xenografts were also observed. This was associated with substantial and', 'cell growth alone, but profoundly decreased the emergence of tamoxifen resistant breast cancer cell clones. This resulted in dramatic improvements in event free survival in a murine in vivo breast cancer study. Improved differentiation, expression of the', 'In the animal model, the following properties of tamoxifen were demonstrated: preservation of peritoneal mesothelium and membrane function; and potent inhibition of MMT, PMC migration, fibrosis, and neoangiogenesis. The in vivo administration of tamoxifen']","{""fieldresult"":[{""name"":""Type of study"",""value"":""in vivo"",""source_id"":[0,1,4]}]}",NP,[],[],"{""fieldresult"":[{""name"":""Num participants"",""value"":""NP"",""source_id"":[]}]}",32532126,"{""enhanced_ver"":""Tamoxifen may be beneficial in peritoneal malignancies such as mCRC (in vivo)."",""evaluations"":[""NO"",""YES"",""YES"",""YES"",""3""],""rationale"":[""The sentence does not comment on the lack of effectiveness description; it directly states the potential benefit of tamoxifen."",""The sentence is specifically about the effectiveness of tamoxifen on colorectal cancer (mCRC) and not another condition."",""The sentence is specific enough for experts, mentioning the study type and the potential benefit of tamoxifen."",""The sentence offers actionable insights for oncologists, suggesting tamoxifen may be beneficial in peritoneal malignancies like mCRC, even though it is preclinical."",""The study type is in vivo, which is assigned a priority level of 3.""]}",,999
Tamoxifen results in the expression of mutant p53R270H in intestinal tumor cells.,[0],"['with tamoxifen results in the expression of mutant p53R270H in intestinal tumor cells (hereafter, ApcÎ\x94716 Trp53+/R270H and ApcÎ\x94716 Trp53R270H/R270H).']","{""fieldresult"":[{""name"":""Tamoxifen effectiveness"",""value"":""Tamoxifen results in the expression of mutant p53R270H in intestinal tumor cells."",""source_id"":[0]}]}",in vivo,[1],"['approved by the Committee on Animal Experimentation of Kanazawa University. The generation of the compound mice used in this study is provided in the Supplementary Materials and Methods. For the survival rate analysis, mice were observed until 264 days of']","{""fieldresult"":[{""name"":""Type of study"",""value"":""in vivo"",""source_id"":[1]}]}",NP,[],[],"{""fieldresult"":[{""name"":""Num participants"",""value"":""NP"",""source_id"":[]}]}",28628120,"{""enhanced_ver"":""Tamoxifen results in the expression of mutant p53R270H in intestinal tumor cells (in vivo)."",""evaluations"":[""NO"",""YES"",""YES"",""YES"",""3""],""rationale"":[""The sentence does not comment on how the effectiveness was not described; it directly states the observed outcome."",""The sentence is about the effectiveness of Tamoxifen on Colorectal cancer, specifically in intestinal tumor cells."",""The sentence is specific enough for experts, mentioning the observed effect and study type."",""The sentence offers actionable insights for practicing oncologists by highlighting a preclinical mechanism of Tamoxifen in Colorectal cancer."",""The study type is in vivo, which corresponds to priority level 3.""]}",,999
"In stage I colorectal adenocarcinoma, an increased F/B was significantly related to poor OS (log rank trend p = 0.03).",[0],"['breast cancer patients treated with tamoxifen (log rank trend pâ\x80\x89=â\x80\x890.02). In stage I colorectal adenocarcinoma, an increased F/B was significantly related to poor OS (log rank trend pâ\x80\x89=â\x80\x890.03), however this relationship was not statistically']","{""fieldresult"":[{""name"":""Tamoxifen effectiveness"",""value"":""In stage I colorectal adenocarcinoma, an increased F/B was significantly related to poor OS (log rank trend p = 0.03)."",""source_id"":[0]}]}",clinical trial,"[0, 1, 5]","['as well. Initial sample acquisition was performed in the context of routine measurement of ER and PgR by biochemical assays. The studies on secondary use of archived tissues was approved in writing by the Medical Ethics Committee of the Erasmus Medical', 'The previous studies were conducted in untreated patients in order to analyze the relationship between F/B of the primary tumor and tumor aggressiveness and pure prognosis. A subset of these patients did metastasize to a distant site and were then treated', '(http://www.federa.org/codes-conduct). Such secondary use did not require informed consent. All patients were LNN and had not been treated with neoadjuvant nor adjuvant therapy. This allowed for the study of the natural course of the disease and pure']","{""fieldresult"":[{""name"":""Type of study"",""value"":""clinical trial"",""source_id"":[0,1,5]}]}",NP,[],[],"{""fieldresult"":[{""name"":""Num participants"",""value"":""NP"",""source_id"":[]}]}",26603532,"{""enhanced_ver"":""In stage I colorectal adenocarcinoma, an increased F/B was significantly related to poor OS (log rank trend p = 0.03) (clinical trial)."",""evaluations"":[""NO"",""NO"",""YES"",""YES"",""1""],""rationale"":[""The sentence does not comment on how the effectiveness was not described in the text."",""The sentence is about the relationship between F/B and OS in colorectal cancer, not about Tamoxifen effectiveness."",""The sentence is specific enough for experts, including statistical significance and study type."",""The sentence provides actionable insight about a prognostic factor in colorectal cancer."",""The study type is a clinical trial, which is level 1.""]}",,999
Tamoxifen reduces the occurrence of oestrogen receptor-positive invasive breast cancer by ~43% and provides long-lasting protection with five years of treatment.,[1],"['metastatic disease, as well as recurrence after diagnosis. Similarly, it is well established that tamoxifen reduces the occurrence of oestrogen receptor-positive invasive breast cancer by ~43% and five years of treatment provides long-lasting protection']","{""fieldresult"":[{""name"":""Tamoxifen effectiveness"",""value"":""Tamoxifen reduces the occurrence of oestrogen receptor-positive invasive breast cancer by ~43% and provides long-lasting protection with five years of treatment."",""source_id"":[1]}]}",in vitro or ex vivo,"[0, 3]","['A further consideration in designing in vitro or ex vivo experiments is the dosing strategy. The measurable effects of preventive agents may be relatively subtle, especially when low clinically attainable concentrations are employed. In fact, such low', 'ex vivo to the agent of interest can be used for pre-selecting the most robust biomarkers and optimising the analysis methods, before application to trial samples. Such an approach has been used to verify that the ability of low dose resveratrol to']","{""fieldresult"":[{""name"":""Type of study"",""value"":""in vitro or ex vivo"",""source_id"":[0,3]}]}",NP,[],[],"{""fieldresult"":[{""name"":""Num participants"",""value"":""NP"",""source_id"":[]}]}",26635905,"{""enhanced_ver"":""Tamoxifen reduces the occurrence of oestrogen receptor-positive invasive breast cancer by ~43% and provides long-lasting protection with five years of treatment (in vitro or ex vivo)."",""evaluations"":[""NO"",""NO"",""YES"",""YES"",""3""],""rationale"":[""The sentence does not comment on how the effectiveness was not described; it directly states the effectiveness."",""The sentence is about the effectiveness of Tamoxifen on breast cancer, not Colorectal cancer."",""The sentence is specific enough for experts, mentioning the study type and the effect of Tamoxifen."",""The sentence offers actionable insights for oncologists, even though it is preclinical."",""The study type is in vitro or ex vivo, which corresponds to priority level 3.""]}",,999
"Tamoxifen-inducible Lgr5-driven deletion of p53 reduced apoptosis and increased proliferation of crypt stem cells, but had no effect on tumor incidence or size.","[0, 7]","['(AOM)-induced colon cancer, tamoxifen-inducible Lgr5-driven deletion of p53 reduced apoptosis and increased proliferation of crypt stem cells, but had no effect on tumor incidence or size. Conversely, in a mouse model of colitis-associated cancer, in', 'no effect on tumor incidence or size. Conversely, in a mouse model of colitis-associated cancer, in which mice are exposed to AOM and the potent inflammation inducer DSS, stem cell-specific p53 deletion greatly enhanced tumor size and incidence in the']","{""fieldresult"":[{""name"":""Tamoxifen effectiveness"",""value"":""Tamoxifen-inducible Lgr5-driven deletion of p53 reduced apoptosis and increased proliferation of crypt stem cells, but had no effect on tumor incidence or size."",""source_id"":[0,7]}]}",in vivo,[5],"['mice were injected once s.c. with azoxymethane (AOM) (Sigma, A5486). For initiation studies, mice were terminated 12 h post-AOM injection. For tumor studies, mice were injected with AOM (10 mg/kg bw) three times at one week intervals and subsequently']","{""fieldresult"":[{""name"":""Type of study"",""value"":""in vivo"",""source_id"":[5]}]}",NP,[],[],"{""fieldresult"":[{""name"":""Num participants"",""value"":""NP"",""source_id"":[]}]}",26631266,"{""enhanced_ver"":""Tamoxifen-inducible Lgr5-driven deletion of p53 reduced apoptosis and increased proliferation of crypt stem cells, but had no effect on tumor incidence or size (in vivo)."",""evaluations"":[""NO"",""YES"",""YES"",""YES"",""3""],""rationale"":[""The sentence does not comment on the lack of effectiveness description; it directly reports the observed outcome."",""The sentence is about the effectiveness of a tamoxifen-inducible p53 deletion on colorectal cancer in a preclinical model."",""The sentence is specific enough for experts, mentioning the observed effects and study type."",""The sentence provides actionable insights for oncologists regarding the role of p53 in stem cell behavior in colorectal cancer, even though it is preclinical."",""The study type is in vivo, which is assigned a priority level of 3.""]}",,999
TAM effectively inhibited the viability and migration ability of DLD-1 colorectal cells and promoted apoptosis.,[2],"['In conclusion, the results of the present study demonstrated that TAM effectively inhibited the viability and migration ability of DLD-1 colorectal cells and promoted apoptosis. A high concentration of E2 demonstrated inhibitory effects on the viability']","{""fieldresult"":[{""name"":""Tamoxifen effectiveness"",""value"":""TAM effectively inhibited the viability and migration ability of DLD-1 colorectal cells and promoted apoptosis."",""source_id"":[2]}]}",in vitro,[3],"['the aim of the present study was to investigate the anticancer effects of combined TAM and E2 treatment on human DLD-1 CRC cells, in order to provide a theoretical and experimental basis for the clinical treatment of CRC using these agents.']","{""fieldresult"":[{""name"":""Type of study"",""value"":""in vitro"",""source_id"":[3]}]}",NP,[],[],"{""fieldresult"":[{""name"":""Num participants"",""value"":""NP"",""source_id"":[]}]}",28849238,"{""enhanced_ver"":""TAM effectively inhibited the viability and migration ability of DLD-1 colorectal cells and promoted apoptosis (in vitro)."",""evaluations"":[""NO"",""YES"",""YES"",""YES"",""3""],""rationale"":[""The sentence does not comment on the lack of effectiveness; it describes the observed effectiveness."",""The sentence is specifically about the effectiveness of TAM on colorectal cancer."",""The sentence is specific enough for experts, mentioning the observed effects and study type."",""The sentence provides actionable insights for oncologists, even though it is preclinical."",""The study type is in vitro, which corresponds to priority level 3.""]}","{""id"":12,""decision"":""YES"",""reasoning"":""Result 12 is an in vitro study showing that Tamoxifen inhibits viability and migration of DLD-1 colorectal cells and promotes apoptosis. This provides actionable insight into potential anti-cancer mechanisms of Tamoxifen.""}",3
Tamoxifen reduces the outgrowth of colon cancer liver metastasis and increases liver cytotoxic T cell accumulation.,"[1, 9]","['and granzyme B production in CD8+ T cells and reduced TNFR2, IDO2, TDO and Serpin B9 expression levels. Treatment with tamoxifen increases liver cytotoxic T cell accumulation and reduces colon cancer LM. The results identify estrogen as a regulator of a', 'T cell accumulation and reduces colon cancer LM. The results identify estrogen as a regulator of a pro-metastatic immune microenvironment in the liver and a potential target in the management of liver metastatic disease.']","{""fieldresult"":[{""name"":""Tamoxifen effectiveness"",""value"":""Tamoxifen reduces the outgrowth of colon cancer liver metastasis and increases liver cytotoxic T cell accumulation."",""source_id"":[1,9]}]}","in vitro, in vivo","[1, 4, 6]","['and generally cultured in vitro for up to 4 weeks only, prior to use in the in vivo experiments, in order to minimize genetic drifts and changes to their metastatic phenotypes. They were expanded in a humidified incubator at 37â\x80\x89Â°C with 5% CO2 in DMEM', 'Ex vivo T cell activation for cytokine production', 'we previously described. Animals were euthanized 15â\x80\x9320 days later, and visible metastases on the surfaces of the livers were enumerated and sized without prior fixation. Where indicated, fragments of the livers were also fixed in 10% phosphate buffered']","{""fieldresult"":[{""name"":""Type of study"",""value"":""in vitro, in vivo"",""source_id"":[1,4,6]}]}",NP,[],[],"{""fieldresult"":[{""name"":""Num participants"",""value"":""NP"",""source_id"":[]}]}",31848339,"{""enhanced_ver"":""Tamoxifen reduces the outgrowth of colon cancer liver metastasis and increases liver cytotoxic T cell accumulation (in vitro, in vivo)."",""evaluations"":[""NO"",""YES"",""YES"",""YES"",""3""],""rationale"":[""The sentence does not comment on the lack of effectiveness; it describes the observed effect."",""The sentence is about the effectiveness of Tamoxifen on Colorectal cancer."",""The sentence is specific enough for experts, mentioning the biological outcomes and study types."",""The sentence offers actionable insights about the potential of Tamoxifen in targeting the immune microenvironment in liver metastasis, even though it is preclinical."",""The study type is in vitro and in vivo, which corresponds to priority level 3.""]}","{""id"":13,""decision"":""YES"",""reasoning"":""Result 13 combines in vitro and in vivo data showing that Tamoxifen reduces colon cancer liver metastasis and increases cytotoxic T cell accumulation. This is a strong result with both preclinical and potential clinical relevance.""}",4
"Tamoxifen is used to treat estrogen receptor-positive breast cancer, but its effectiveness can vary due to CYP2D6 enzyme activity and patient metabolism.","[1, 2, 3]","['including tamoxifen, a selective estrogen receptor modulator (SERM) commonly used to treat estrogen receptor-positive (ER+) breast cancer. Tamoxifen is a selective estrogen receptor modulator (SERM) commonly used in the treatment of estrogen', 'phenotypes face a higher risk of disease recurrence when treated with standard doses of tamoxifen. Conversely, ultra-rapid metabolizers have increased CYP2D6 activity, producing higher endoxifen concentrations and potentially better treatment responses.', 'levels of active endoxifen and potentially suboptimal treatment outcomes. Studies have demonstrated that breast cancer patients with poor metabolizer phenotypes face a higher risk of disease recurrence when treated with standard doses of tamoxifen.']","{""fieldresult"":[{""name"":""Tamoxifen effectiveness"",""value"":""Tamoxifen is used to treat estrogen receptor-positive breast cancer, but its effectiveness can vary due to CYP2D6 enzyme activity and patient metabolism."",""source_id"":[1,2,3]}]}",NP,[],[],"{""fieldresult"":[{""name"":""Type of study"",""value"":""NP"",""source_id"":[]}]}",NP,[],[],"{""fieldresult"":[{""name"":""Num participants"",""value"":""NP"",""source_id"":[]}]}",40149251,"{""enhanced_ver"":""Tamoxifen is used to treat estrogen receptor-positive breast cancer, but its effectiveness can vary due to CYP2D6 enzyme activity and patient metabolism (clinical trial)."",""evaluations"":[""NO"",""NO"",""YES"",""YES"",""1""],""rationale"":[""The sentence does not comment on the lack of effectiveness description; it describes variability in effectiveness."",""The sentence is about breast cancer, not Colorectal cancer."",""The sentence provides specific insights for experts regarding CYP2D6 activity and patient metabolism."",""The sentence offers actionable insights for oncologists regarding patient metabolism and treatment response."",""The study type is a clinical trial, which is level 1.""]}",,999
Tamoxifen is associated with an increased risk of colorectal cancer in postmenopausal women with breast cancer.,[1],"['tamoxifen, are associated with increased risk of colorectal cancer in postmenopausal women with breast cancer. Patients and methods: Using the UK Clinical Practice Research Datalink, we identified women, at least 55â\x80\x89years of age, with breast cancer']","{""fieldresult"":[{""name"":""Tamoxifen effectiveness"",""value"":""Tamoxifen is associated with an increased risk of colorectal cancer in postmenopausal women with breast cancer."",""source_id"":[1]}]}",clinical trial,[5],"['tamoxifen, are associated with increased risk of colorectal cancer in postmenopausal women with breast cancer. Patients and methods: Using the UK Clinical Practice Research Datalink, we identified women, at least 55â\x80\x89years of age, with breast cancer']","{""fieldresult"":[{""name"":""Type of study"",""value"":""clinical trial"",""source_id"":[5]}]}",8893 patients initiated tamoxifen as first-line hormonal therapy.,[5],"['by cumulative duration of use, and time since initiation. All exposures were lagged by 1 year for latency considerations. Results: A total of 9701 and 8893 patients initiated AIs and tamoxifen as first-line hormonal therapy (median follow-up of 2.4 and']","{""fieldresult"":[{""name"":""Num participants"",""value"":""8893 patients initiated tamoxifen as first-line hormonal therapy."",""source_id"":[5]}]}",29293897,"{""enhanced_ver"":""Tamoxifen is associated with an increased risk of colorectal cancer in postmenopausal women with breast cancer (clinical trial; 8893 patients)."",""evaluations"":[""NO"",""YES"",""YES"",""YES"",""1""],""rationale"":[""The sentence does not comment on the lack of effectiveness; it describes an observed risk."",""The sentence is about the association of Tamoxifen with colorectal cancer in postmenopausal women with breast cancer, not another condition."",""The sentence is specific enough for experts, including study type and number of patients."",""The sentence provides actionable insight for oncologists regarding a potential risk associated with Tamoxifen use in this population."",""The study is a clinical trial with over 8893 patients, which is level 1 priority.""]}","{""id"":0,""decision"":""YES"",""reasoning"":""Result 0 is a large clinical trial (8893 patients) showing an association between Tamoxifen and increased colorectal cancer risk in postmenopausal women with breast cancer. It provides critical clinical context and actionable insight for oncologists.""}",0
Tamoxifen citrate activity was improved on Caco-2 cells with an IC50 value reduced from 8.55 µM to 5.32 µM.,[5],"['improved the cytotoxic activity of Tam citrate on Caco-2 cells. IC50 value of Tam reduced from 8.55 ÂµM to 5.32 ÂµM, after 48 h of incubation time (p value <0.00001). Conclusion: This study showed that Tam-Î²-CD-HA-Chi-Au nanocomposite is a potential']","{""fieldresult"":[{""name"":""Tamoxifen effectiveness"",""value"":""Tamoxifen citrate activity was improved on Caco-2 cells with an IC50 value reduced from 8.55 µM to 5.32 µM."",""source_id"":[5]}]}",In vitro,[1],"['improved the cytotoxic activity of Tam citrate on Caco-2 cells. IC50 value of Tam reduced from 8.55 ÂµM to 5.32 ÂµM, after 48 h of incubation time (p value <0.00001). Conclusion: This study showed that Tam-Î²-CD-HA-Chi-Au nanocomposite is a potential']","{""fieldresult"":[{""name"":""Type of study"",""value"":""In vitro"",""source_id"":[1]}]}",NP,[],[],"{""fieldresult"":[{""name"":""Num participants"",""value"":""NP"",""source_id"":[]}]}",36047535,"{""enhanced_ver"":""Tamoxifen citrate activity was improved on Caco-2 cells with an IC50 value reduced from 8.55 µM to 5.32 µM (in vitro)."",""evaluations"":[""NO"",""YES"",""YES"",""YES"",""3""],""rationale"":[""The sentence does not comment on how the effectiveness was not described; it describes the observed improvement."",""The sentence is about the effectiveness of Tamoxifen on Caco-2 cells, which are relevant to colorectal cancer."",""The sentence is specific enough for experts, including the IC50 values and study type."",""The sentence offers actionable insights for oncologists regarding preclinical effectiveness of Tamoxifen formulations."",""The study type is in vitro, which is level 3.""]}",,999
"Tamoxifen treatment in KPC:APC mice caused extensive inflammation in the colon and led to a rapid decline in health, with rectal bleeding and cachexia observed.","[2, 5]","['to CRC, as reviewed. In the former study, tamoxifen-treated KPC:APC mice lived for an average of 165 days, at which point they succumbed to cachexia with rectal bleeding. In contrast, we observed a substantially more rapid decline in the health of', 'with rectal bleeding. In contrast, we observed a substantially more rapid decline in the health of tamoxifen-treated KPC:APC mice regardless of their Î±3+/+ or Î±3flx/flx genotype, with extensive inflammation throughout the colon (Figure S2a). We']","{""fieldresult"":[{""name"":""Tamoxifen effectiveness"",""value"":""Tamoxifen treatment in KPC:APC mice caused extensive inflammation in the colon and led to a rapid decline in health, with rectal bleeding and cachexia observed."",""source_id"":[2,5]}]}",in vivo,[1],"['of KPC:APC mice in our study precluded our ability to directly test the effects of Î±3 deletion on colon tumorigenesis and CRC progression, so translational implications in this regard remain unclear. However, future studies using alternative murine CRC']","{""fieldresult"":[{""name"":""Type of study"",""value"":""in vivo"",""source_id"":[1]}]}",NP,[],[],"{""fieldresult"":[{""name"":""Num participants"",""value"":""NP"",""source_id"":[]}]}",39941740,"{""enhanced_ver"":""Tamoxifen treatment in KPC:APC mice caused extensive inflammation in the colon and led to a rapid decline in health, with rectal bleeding and cachexia observed (in vivo)."",""evaluations"":[""NO"",""YES"",""YES"",""YES"",""3""],""rationale"":[""The sentence does not comment on the lack of effectiveness description; it directly describes the observed effects."",""The sentence is specifically about the effectiveness of Tamoxifen on Colorectal cancer in a preclinical model."",""The sentence is specific enough for experts, detailing the observed outcomes and study type."",""The sentence provides actionable insights for oncologists by highlighting the adverse effects of Tamoxifen in a preclinical CRC model."",""The study type is in vivo, which corresponds to priority level 3.""]}","{""id"":15,""decision"":""YES"",""reasoning"":""Result 15 is an in vivo study showing that Tamoxifen causes extensive colon inflammation, rectal bleeding, and cachexia in mice. This highlights potential toxicities and adverse effects, which are critical for oncologists to consider.""}",5
"Tamoxifen clearly showed a reduction in cancer incidence, but it was not widely used due to a lack of evidence for an overall long-term benefit.",[1],"['should be placebo or tamoxifen and we had several long arguments about this. In the end, it was accepted that although tamoxifen clearly showed a reduction in cancer incidence, it was not widely used because of a lack of evidence for an overall long-term']","{""fieldresult"":[{""name"":""Tamoxifen effectiveness"",""value"":""Tamoxifen clearly showed a reduction in cancer incidence, but it was not widely used due to a lack of evidence for an overall long-term benefit."",""source_id"":[1]}]}",clinical trial,"[0, 2, 5]","['Project; and a study in hysterectomised women in Italy (TableÂ\xa01). The IBIS-I study was truly a trial that not even Kafka could have imagined, with scrutiny from dozens of review committees questioning the value of preventive therapy for breast cancer.', 'Study-1 (IBIS-I) study in the UK, Australia and New Zealand; a North American studyâ\x80\x94NSABP-P1, coordinated by the National Surgical Adjuvant Breast and Bowel Project; and a study in hysterectomised women in Italy (TableÂ\xa01). The IBIS-I study was truly a', 'of raloxifene, in a subsequent follow-up period (TableÂ\xa02). Only one trial has directly compared raloxifene with tamoxifen for cancer prevention. This was the Study of Tamoxifen and Raloxifene (STAR) trial, or NSABP-P2, in which almost 20,000 women were']","{""fieldresult"":[{""name"":""Type of study"",""value"":""clinical trial"",""source_id"":[0,2,5]}]}",NP,[],[],"{""fieldresult"":[{""name"":""Num participants"",""value"":""NP"",""source_id"":[]}]}",29681616,"{""enhanced_ver"":""Tamoxifen clearly showed a reduction in cancer incidence, but it was not widely used due to a lack of evidence for an overall long-term benefit (clinical trial)."",""evaluations"":[""NO"",""YES"",""YES"",""YES"",""1""],""rationale"":[""The sentence is not a meta comment on how the effectiveness was not described in the text; it directly describes the observed outcome."",""The sentence is about the effectiveness of Tamoxifen on cancer, though not specifically Colorectal cancer, but the context implies it is relevant to breast cancer."",""The sentence is specific enough for experts, mentioning the study type and the observed outcome."",""The sentence offers actionable insights for oncologists regarding the use of Tamoxifen despite its observed benefits."",""The study type is a clinical trial, which is level 1 according to the priority criteria.""]}","{""id"":1,""decision"":""YES"",""reasoning"":""Result 1 is a clinical trial that discusses the reduction in cancer incidence with Tamoxifen but highlights the lack of long-term benefit. This provides important insight into the limitations of Tamoxifen use and is relevant for clinical decision-making.""}",1
Tamoxifen suppresses cancer stemness in CRC by downregulating LNX1 and reducing colonosphere formation.,"[1, 2, 3]","['cancer stemness. Moreover, tamoxifen required LNX1 to downregulate the capacity and the rate of the colonosphere formation. Thus, LNX1 could be a potential drug target in cancer therapy against colorectal CSCs. As the endocrine agent most commonly used at', 'to be one critical downstream mediator of cancer stemness regulated by LNX1. Interestingly, the anti-breast cancer drug tamoxifen was found to be an agonist of LNX1 and suppress cancer stemness in CRC. In sum, this study provided the evidences that LNX1', 'cancer stemness via targeting LNX1. Interestingly, it was observed that tamoxifen downregulated the transcriptional activity of LNX1 and suppressed cancer stemness. Moreover, tamoxifen required LNX1 to downregulate the capacity and the rate of the']","{""fieldresult"":[{""name"":""Tamoxifen effectiveness"",""value"":""Tamoxifen suppresses cancer stemness in CRC by downregulating LNX1 and reducing colonosphere formation."",""source_id"":[1,2,3]}]}",in vivo,"[0, 6, 9]","['the tumor formation rate in vivo (Table 1). Thus, LNX1 was identified as a negative regulator of cancer stemness in colorectal carcinoma.', 'xenograft tumors (S4 Fig). This observation was also confirmed by SP analysis and colonosphere formation assay using another colorectal carcinoma cell line Colo205 in which LNX1 was also depleted with two separate shRNA constructs using lentivirus', 'pathogen-free facility. The tumors were counted after 18 days of injection and the tumor formation rate was calculated using ELDA analysis.']","{""fieldresult"":[{""name"":""Type of study"",""value"":""in vivo"",""source_id"":[0,6,9]}]}",NP,[],[],"{""fieldresult"":[{""name"":""Num participants"",""value"":""NP"",""source_id"":[]}]}",29190716,"{""enhanced_ver"":""Tamoxifen suppresses cancer stemness in CRC by downregulating LNX1 and reducing colonosphere formation (in vivo)."",""evaluations"":[""NO"",""YES"",""YES"",""YES"",""3""],""rationale"":[""The sentence does not comment on the lack of effectiveness; it describes the observed effect."",""The sentence is specifically about the effectiveness of Tamoxifen on Colorectal cancer."",""The sentence is specific enough for experts, mentioning the mechanism and study type."",""The sentence offers actionable insights for oncologists regarding the preclinical mechanism of Tamoxifen."",""The study type is in vivo, which corresponds to priority level 3.""]}","{""id"":16,""decision"":""YES"",""reasoning"":""Result 16 is an in vivo study showing that Tamoxifen suppresses cancer stemness in CRC by downregulating LNX1. This provides insight into potential molecular mechanisms and therapeutic targets.""}",6
"TX metabolites may have indirect effects on the tumor microenvironment, but TX injections did not directly affect tumor cells.","[1, 5]","['the possibility that within 2 days of injection, TX metabolites had indirect effects on the tumor microenvironment.', 'Of note, we have observed that MC-38 and H-59 cells were insensitive to stimulation by estrogen (data not shown). This, and the data shown in Figures 3F and Supplementary Figure 4 suggest that TX injections did not have a direct effect on the tumor cells']","{""fieldresult"":[{""name"":""Tamoxifen effectiveness"",""value"":""TX metabolites may have indirect effects on the tumor microenvironment, but TX injections did not directly affect tumor cells."",""source_id"":[1,5]}]}",in vivo,"[2, 6]","['isolated for analysis 6 days later, we found a significant and dose dependent increase in their ICAM-1:CXCR4 ratios, as assessed by flow cytometry (Figure 6A, 6B), indicating that the phenotype of TAN can be altered in vivo by targeting the IGF signaling', '6A, 6B), indicating that the phenotype of TAN can be altered in vivo by targeting the IGF signaling axis.']","{""fieldresult"":[{""name"":""Type of study"",""value"":""in vivo"",""source_id"":[2,6]}]}",NP,[],[],"{""fieldresult"":[{""name"":""Num participants"",""value"":""NP"",""source_id"":[]}]}",29644002,"{""enhanced_ver"":""TX metabolites may have indirect effects on the tumor microenvironment (in vivo)."",""evaluations"":[""NO"",""YES"",""YES"",""YES"",""3""],""rationale"":[""The sentence does not comment on the lack of effectiveness description; it directly describes the observed outcome."",""The sentence is about the effectiveness of TX on Colorectal cancer, specifically its indirect effects on the tumor microenvironment."",""The sentence is specific enough for experts, mentioning the study type and the observed effect."",""The sentence offers actionable insight for oncologists by highlighting the indirect effects of TX on the tumor microenvironment, even though it is preclinical."",""The study type is in vivo, which corresponds to priority level 3.""]}",,999
Tamoxifen may negatively impact CRC patient outcomes by increasing STS activity and local estrogen availability.,[2],"['GPER stimulation increases STS activity in a potentially novel positive feedback loop. As elevated STS expression is associated with poor prognosis in CRC, these results suggest HRT, tamoxifen and fulvestrant may negatively impact CRC patient outcomes.']","{""fieldresult"":[{""name"":""Tamoxifen effectiveness"",""value"":""Tamoxifen may negatively impact CRC patient outcomes by increasing STS activity and local estrogen availability."",""source_id"":[2]}]}",in vitro,[0],"['In vitro STS activities of cell lines were measured as previously described. Briefly, in intact cell assays, cells were incubated with appropriate medium containing [6,7-3H] E1S (4 Ã\x97 105 dpm, Perkin-ElmerLS, Boston, MA, USA) adjusted to a final']","{""fieldresult"":[{""name"":""Type of study"",""value"":""in vitro"",""source_id"":[0]}]}",NP,[],[],"{""fieldresult"":[{""name"":""Num participants"",""value"":""NP"",""source_id"":[]}]}",28326039,"{""enhanced_ver"":""Tamoxifen may negatively impact CRC patient outcomes by increasing STS activity and local estrogen availability (in vitro)."",""evaluations"":[""NO"",""YES"",""YES"",""YES"",""3""],""rationale"":[""The sentence does not comment on the lack of effectiveness description; it directly states the observed outcome."",""The sentence is specifically about the effectiveness of Tamoxifen on Colorectal cancer."",""The sentence is specific enough for experts, mentioning the mechanism and study type."",""The sentence provides actionable insight for oncologists regarding potential negative impacts of Tamoxifen on CRC patients, even though it is preclinical."",""The study type is in vitro, which corresponds to priority level 3.""]}","{""id"":18,""decision"":""YES"",""reasoning"":""Result 18 is an in vitro study suggesting that Tamoxifen may negatively impact CRC outcomes by increasing STS activity and estrogen availability. This is an important finding with potential clinical implications.""}",7
"Tamoxifen-induced Ptx3 knockout mice were used to assess PTX3's role in colon cancer progression, but no direct outcome of treating colorectal cancer with tamoxifen was reported.","[0, 1, 2]","['studies in tamoxifen-induced Ptx3 knockout mice and treatment with an anti-PTX3 neutralizing antibody (WHC-001), were conducted to assess the involvement of PTX3 in colon cancer progression as well as its immunosuppressive effect. Finally, bioinformatic', 'cancer patients, we proposed that PTX3 plays a role in stroma-mediated tumor progression. To investigate the involvement of PTX3 in and its effects on stroma-mediated colon tumor growth, we employed tamoxifen-induced Ptx3 conditional knockout mice', 'Open-access databases were utilized to examine the association of PTX3 expression and the fibroblast signature in colon cancer. Loss-of-function assays, including studies in tamoxifen-induced Ptx3 knockout mice and treatment with an anti-PTX3 neutralizing']","{""fieldresult"":[{""name"":""Tamoxifen effectiveness"",""value"":""Tamoxifen-induced Ptx3 knockout mice were used to assess PTX3's role in colon cancer progression, but no direct outcome of treating colorectal cancer with tamoxifen was reported."",""source_id"":[0,1,2]}]}",in vitro and in vivo,"[0, 2, 6]","['The monoclonal PTX3 antibody (WHC-001) and isotype IgG1Îº used for in vitro and in vivo experiments were previously developed by our laboratory. Briefly, the design and production of the anti-PTX3 neutralizing antibody were performed in cooperation with', 'In our study, we observed predominant expression of PTX3 in stromal cells within the colon tumor microenvironment. Inhibiting PTX3 led to a reduction in colon tumor growth in vivo, which was correlated with a decrease in M2-like macrophage infiltration', 'Open-access databases were utilized to examine the association of PTX3 expression and the fibroblast signature in colon cancer. Loss-of-function assays, including studies in tamoxifen-induced Ptx3 knockout mice and treatment with an anti-PTX3 neutralizing']","{""fieldresult"":[{""name"":""Type of study"",""value"":""in vitro and in vivo"",""source_id"":[0,2,6]}]}",NP,[],[],"{""fieldresult"":[{""name"":""Num participants"",""value"":""NP"",""source_id"":[]}]}",38243273,"{""enhanced_ver"":""Tamoxifen-induced Ptx3 knockout mice were used to assess PTX3's role in colon cancer progression, but no direct outcome of treating colorectal cancer with tamoxifen was reported (in vitro and in vivo)."",""evaluations"":[""YES"",""YES"",""YES"",""YES"",""3""],""rationale"":[""The sentence directly addresses the lack of reported effectiveness of tamoxifen in treating colorectal cancer, without making a meta-comment on the effectiveness itself."",""The sentence is specifically about the effectiveness of tamoxifen on colorectal cancer, not another condition."",""The sentence is detailed enough for experts, mentioning the study type and the lack of direct outcome."",""The sentence provides actionable insight for oncologists by highlighting the preclinical focus on PTX3's role in tumor progression."",""The study type is in vitro and in vivo, which corresponds to priority level 3.""]}",,999
"Tamoxifen is used to induce intestinal stem cells in CRC studies, but its direct effectiveness in treating colorectal cancer is not discussed.","[0, 1, 2]","['intestinal stem cells upon administration of tamoxifen and SPDEF upon administration of tetracycline. CRC lines (HCT116 and SW480) were engineered to express inducible tagged SPDEF or vector (control) and subcutaneously injected into immunodeficient NSG', 'intestinal tumor initiation, mice were given one intraperitoneal injection of 2 mg/mouse tamoxifen (Sigma) dissolved in corn oil. To induce SPDEF expression, mice were feed 2 mg/ml tetracycline in drinking water. For xenograft studies, male NSG mice were', 'following tamoxifen injection, whereas SPDEF expression is restrictively induced in tumor cells, but not in adjacent normal epithelial cells, by oral tetracycline (Figure 2A).']","{""fieldresult"":[{""name"":""Tamoxifen effectiveness"",""value"":""Tamoxifen is used to induce intestinal stem cells in CRC studies, but its direct effectiveness in treating colorectal cancer is not discussed."",""source_id"":[0,1,2]}]}",in vivo,[0],"['other stem cell signature gene expression. Finally, to test this novel molecular mechanism in vivo, we assessed the protein levels of Î²-catenin targets in tumors from control and SPDEF-expressing mice (Model 2) (Figure 7F). Consistent with our ChIP- and']","{""fieldresult"":[{""name"":""Type of study"",""value"":""in vivo"",""source_id"":[0]}]}",NP,[],[],"{""fieldresult"":[{""name"":""Num participants"",""value"":""NP"",""source_id"":[]}]}",28390865,"{""enhanced_ver"":""Tamoxifen is used to induce intestinal stem cells in CRC studies, but its direct effectiveness in treating colorectal cancer is not discussed (in vivo)."",""evaluations"":[""YES"",""YES"",""YES"",""YES"",""3""],""rationale"":[""The sentence is a meta comment on how the effectiveness was not described in the text."",""The sentence is about the effectiveness of Tamoxifen on Colorectal cancer."",""The sentence is specific enough for experts, mentioning the study type."",""The sentence offers actionable insights for practicing oncologists by highlighting preclinical use of Tamoxifen."",""The study type is in vivo, which corresponds to priority level 3.""]}",,999
Tamoxifen was used 5 times during the first DSS treatment window in the AOM/DSS treatment regime.,[0],"['tamoxifen 5 times during the first DSS treatment window in the AOM/DSS treatment regime (Figure S2C). Similar to Htr2bÎ\x94IEC mice (Figure 1B), Htr2bÎ\x94IEC-ER mice had significantly more polyps and a higher polyp load than did WT mice (Figure S2D). The cell']","{""fieldresult"":[{""name"":""Tamoxifen effectiveness"",""value"":""Tamoxifen was used 5 times during the first DSS treatment window in the AOM/DSS treatment regime."",""source_id"":[0]}]}",in vivo,[1],"['In this study, we used a mouse model of AOM/DSS-induced CAC to study the function and mechanism by which 5-HT regulates intestinal tumors. We confirmed that 5-HT acts mainly via 5-HT2B receptors in the intestinal epithelium during AOM/DSS-induced colonic']","{""fieldresult"":[{""name"":""Type of study"",""value"":""in vivo"",""source_id"":[1]}]}",NP,[],[],"{""fieldresult"":[{""name"":""Num participants"",""value"":""NP"",""source_id"":[]}]}",35664068,"{""enhanced_ver"":""Tamoxifen was used 5 times during the first DSS treatment window in the AOM/DSS treatment regime (in vivo)."",""evaluations"":[""NO"",""YES"",""NO"",""YES"",""3""],""rationale"":[""The sentence does not comment on the lack of effectiveness description; it describes the use of tamoxifen."",""The sentence is about the use of tamoxifen in the context of colorectal cancer."",""The sentence is specific to the study type but lacks detailed insights for experts."",""The sentence provides a preclinical insight into tamoxifen use in a colorectal cancer model."",""The study type is in vivo, which corresponds to priority level 3.""]}","{""id"":21,""decision"":""YES"",""reasoning"":""Result 21 provides specific experimental details on the use of Tamoxifen in the AOM/DSS treatment regime. This is useful for understanding dosing and timing in preclinical models, which can inform future studies.""}",9
"Tamoxifen-induced Cre expression and inflammation dynamics in the colon were assessed, showing its role in promoting tumor development when combined with mild inflammation.","[1, 2, 8]","['Results\nTamoxifen-induced Cre expression and inflammation dynamics in the colon', 'study assessed the impact of mild inflammation on CRC development using genetically modified KRAS mutant (mut), APC mut, and APC; KRAS double mut mouse models. Mice received tamoxifen at six weeks and were evaluated with or without a 5-day administration', 'to the formation of multiple tumors in the distal colon, as well as increased the tumor size and number in the proximal colon. These findings strongly suggest the significant role transient inflammation plays in promoting tumor development, underscoring']","{""fieldresult"":[{""name"":""Tamoxifen effectiveness"",""value"":""Tamoxifen-induced Cre expression and inflammation dynamics in the colon were assessed, showing its role in promoting tumor development when combined with mild inflammation."",""source_id"":[1,2,8]}]}",in vivo,[3],"['In this study, we aimed to clarify whether mild, transient inflammatory stimuliâ\x80\x94without prolonged colitisâ\x80\x94could cooperate with APC and KRAS mutations to promote colorectal tumor formation.\nMaterials and methods\nEthics statement']","{""fieldresult"":[{""name"":""Type of study"",""value"":""in vivo"",""source_id"":[3]}]}",NP,[],[],"{""fieldresult"":[{""name"":""Num participants"",""value"":""NP"",""source_id"":[]}]}",41285904,"{""enhanced_ver"":""Tamoxifen-induced Cre expression and inflammation dynamics in the colon were assessed, showing its role in promoting tumor development when combined with mild inflammation (in vivo)."",""evaluations"":[""NO"",""YES"",""YES"",""YES"",""3""],""rationale"":[""The sentence does not comment on the lack of effectiveness description; it describes the observed outcome."",""The sentence is specifically about the effectiveness of tamoxifen on colorectal cancer."",""The sentence is specific enough for experts, including the study type and context."",""The sentence provides actionable insights for practicing oncologists regarding the interaction between inflammation and tumor development in a preclinical model."",""The study type is in vivo, which is assigned a priority level of 3.""]}","{""id"":19,""decision"":""YES"",""reasoning"":""Result 19 is an in vivo study showing that Tamoxifen promotes tumor development when combined with mild inflammation. This provides insight into the complex interplay between Tamoxifen and the tumor microenvironment.""}",8
The reduction in Ki-67 was not significant for animals treated with tamoxifen alone.,"[0, 4]","['the Ki-67 proliferation marker for all treated tumors recovered at the end of the study. This showed significant reduction in Ki-67 (p<0.05), but the reduction was not significant for animals treated with tamoxifen alone (Fig. 5F, Supplementary Fig. S7C).', 'was not significant for animals treated with tamoxifen alone (Fig. 5F, Supplementary Fig. S7C). As expected, PolII and ER phosphorylation were significantly reduced only for the ICEC0942 treatments. Levels of PGR, a well-characterised ER target gene, were']","{""fieldresult"":[{""name"":""Tamoxifen effectiveness"",""value"":""The reduction in Ki-67 was not significant for animals treated with tamoxifen alone."",""source_id"":[0,4]}]}",in vivo,"[2, 4, 6]","['of ICEC0942 and tamoxifen resulted in substantially greater tumor growth inhibition in vivo than was observed for either agent alone (Fig. 5E). We quantified the Ki-67 proliferation marker for all treated tumors recovered at the end of the study. This', 'To test the combined action of hormone therapy and ICEC0942 in vivo, we administered 50 mg/kg/day ICEC0942 and 100 Âµg/day tamoxifen to nude mice bearing MCF7 xenograft tumors. This dose of tamoxifen was based on previous studies. Since treatment with 100', 'Oral administration of ICEC0942 inhibits tumor growth in vivo']","{""fieldresult"":[{""name"":""Type of study"",""value"":""in vivo"",""source_id"":[2,4,6]}]}",NP,[],[],"{""fieldresult"":[{""name"":""Num participants"",""value"":""NP"",""source_id"":[]}]}",29545334,"{""enhanced_ver"":""The reduction in Ki-67 was not significant for animals treated with tamoxifen alone (in vivo)."",""evaluations"":[""NO"",""YES"",""YES"",""YES"",""3""],""rationale"":[""The sentence does not describe the effectiveness of tamoxifen as being not described in the text; it explicitly states the lack of significance."",""The sentence is about the effectiveness of tamoxifen on Colorectal cancer, though the context is preclinical and not explicitly mentioning Colorectal cancer."",""The sentence is specific enough for experts, mentioning the study type and the outcome of the treatment."",""The sentence offers actionable insights for practicing oncologists by highlighting the lack of efficacy of tamoxifen alone in a preclinical model."",""The study type is in vivo, which corresponds to priority level 3.""]}",,999
